{
  "version": "4",
  "lang": "kr",
  "id": "19",
  "title": "간접화법",
  "list": [
    {
      "id": "1",
      "quesion": "다음 빈칸에 알맞는 답을 고르세요.",
      "quizType": "type1",
      "quiz": "Kim <!-(problem area)-!> us that she was tired.",
      "options": ["tells", "telling", "told", "tell"],
      "correct": ["told"]
    },
    {
      "id": "2",
      "quesion": "다음 빈칸에 알맞는 답을 고르세요.",
      "quizType": "type1",
      "quiz": "She <!-(problem area)-!> she liked the movie.",
      "options": ["says", "saying", "say", "said"],
      "correct": ["said"]
    },
    {
      "id": "3",
      "quesion": "다음 빈칸에 알맞는 답을 고르세요.",
      "quizType": "type1",
      "quiz": "It is <!-(problem area)-!> that he is the best singer in the choir.",
      "options": ["said", "mention", "told", "saying"],
      "correct": ["said"]
    },
    {
      "id": "4",
      "quesion": "다음 빈칸에 알맞는 답을 고르세요.",
      "quizType": "type1",
      "quiz": "He <!-(problem area)-!> that he passed the test.",
      "options": ["said", "told", "speak", "tell"],
      "correct": ["said"]
    },
    {
      "id": "5",
      "quesion": "다음 빈칸에 알맞는 답을 고르세요.",
      "quizType": "type1",
      "quiz": "Ben <!-(problem area)-!> me that he is going to a concert.",
      "options": ["told", "saying", "said", "tells"],
      "correct": ["told"]
    },
    {
      "id": "6",
      "quesion": "다음 빈칸에 알맞는 답을 고르세요.",
      "quizType": "type1",
      "quiz": "It is <!-(problem area)-!> that the earth is round.",
      "options": ["told", "said", "mention", "reported"],
      "correct": ["said"]
    },
    {
      "id": "7",
      "quesion": "다음 빈칸에 알맞는 답을 고르세요.",
      "quizType": "type1",
      "quiz": "She <!-(problem area)-!> that she lost her purse.",
      "options": ["inform", "said", "tells", "said"],
      "correct": ["said"]
    },
    {
      "id": "8",
      "quesion": "다음 빈칸에 알맞는 답을 고르세요.",
      "quizType": "type1",
      "quiz": "Mark <!-(problem area)-!> that he enjoyed the trip.",
      "options": ["tell", "said", "told", "saying"],
      "correct": ["said"]
    },
    {
      "id": "9",
      "quesion": "다음 빈칸에 알맞는 답을 고르세요.",
      "quizType": "type1",
      "quiz": "It is <!-(problem area)-!> that exercise is good for health.",
      "options": ["said", "reported", "told", "reads"],
      "correct": ["said"]
    },
    {
      "id": "10",
      "quesion": "다음 빈칸에 알맞는 답을 고르세요.",
      "quizType": "type1",
      "quiz": "He <!-(problem area)-!> that she was right.",
      "options": ["says", "said", "mention", "tell"],
      "correct": ["said"]
    },
    {
      "id": "11",
      "quesion": "다음 빈칸에 알맞는 답을 고르세요.",
      "quizType": "type1",
      "quiz": "Lisa <!-(problem area)-!> she was moving to another city.",
      "options": ["says", "saying", "said", "say"],
      "correct": ["said"]
    },
    {
      "id": "12",
      "quesion": "다음 빈칸에 알맞는 답을 고르세요.",
      "quizType": "type1",
      "quiz": "It is <!-(problem area)-!> that laughter is the best medicine.",
      "options": ["told", "said", "reported", "known"],
      "correct": ["said"]
    },
    {
      "id": "13",
      "quesion": "다음 빈칸에 알맞는 답을 고르세요.",
      "quizType": "type1",
      "quiz": "They <!-(problem area)-!> that they enjoyed the party.",
      "options": ["says", "tells", "said", "tell"],
      "correct": ["said"]
    },
    {
      "id": "14",
      "quesion": "다음 빈칸에 알맞는 답을 고르세요.",
      "quizType": "type1",
      "quiz": "Maria <!-(problem area)-!> that she loves shopping.",
      "options": ["told", "said", "speak", "tells"],
      "correct": ["told"]
    },
    {
      "id": "15",
      "quesion": "다음 빈칸에 알맞는 답을 고르세요.",
      "quizType": "type1",
      "quiz": "It is <!-(problem area)-!> that dogs are man's best friend.",
      "options": ["told", "said", "mentioned", "reported"],
      "correct": ["said"]
    },
    {
      "id": "16",
      "quesion": "다음 빈칸에 알맞는 답을 고르세요.",
      "quizType": "type1",
      "quiz": "She <!-(problem area)-!> she was feeding the birds.",
      "options": ["saying", "said", "tells", "said"],
      "correct": ["said"]
    },
    {
      "id": "17",
      "quesion": "다음 빈칸에 알맞는 답을 고르세요.",
      "quizType": "type1",
      "quiz": "Lisa <!-(problem area)-!> that rain is expected tomorrow.",
      "options": ["told", "said", "tells", "proclaims"],
      "correct": ["told"]
    },
    {
      "id": "18",
      "quesion": "다음 빈칸에 알맞는 답을 고르세요.",
      "quizType": "type1",
      "quiz": "It is <!-(problem area)-!> that honesty is the best policy.",
      "options": ["said", "told", "announced", "recognized"],
      "correct": ["said"]
    },
    {
      "id": "19",
      "quesion": "다음 빈칸에 알맞는 답을 고르세요.",
      "quizType": "type1",
      "quiz": "He <!-(problem area)-!> that he is excited for the holidays.",
      "options": ["told", "stated", "said", "tells"],
      "correct": ["said"]
    },
    {
      "id": "20",
      "quesion": "다음 빈칸에 알맞는 답을 고르세요.",
      "quizType": "type1",
      "quiz": "Peter <!-(problem area)-!> me he is changing jobs.",
      "options": ["said", "told", "tells", "proclaims"],
      "correct": ["told"]
    }
  ]
}
