{
  "version": "4",
  "lang": "kr",
  "id": "9",
  "title": "명사",
  "list": [
    {
      "id": "1",
      "quesion": "다음 빈칸에 알맞는 답을 고르세요.",
      "quizType": "type1",
      "quiz": "She has <!-(problem area)-!> of cheese.",
      "options": ["block", "a block", "blocks", "none blocks"],
      "correct": ["a block"]
    },
    {
      "id": "2",
      "quesion": "다음 빈칸에 알맞는 답을 고르세요.",
      "quizType": "type1",
      "quiz": "Look at <!-(problem area)-!> over there!",
      "options": ["men", "mans", "a man", "man"],
      "correct": ["that man"]
    },
    {
      "id": "3",
      "quesion": "다음 빈칸에 알맞는 답을 고르세요.",
      "quizType": "type1",
      "quiz": "He needs <!-(problem area)-!> to fix his hair.",
      "options": ["scissor", "a scissor", "scissors", "the scissors"],
      "correct": ["scissors"]
    },
    {
      "id": "4",
      "quesion": "다음 빈칸에 알맞는 답을 고르세요.",
      "quizType": "type1",
      "quiz": "I have <!-(problem area)-!> in the fridge.",
      "options": [
        "Bag of apples",
        "Bags of apples",
        "A Bag of apple",
        "An Bag of apples"
      ],
      "correct": ["A bag of apples"]
    },
    {
      "id": "5",
      "quesion": "다음 빈칸에 알맞는 답을 고르세요.",
      "quizType": "type1",
      "quiz": "They bought <!-(problem area)-!> for their new house.",
      "options": [
        "furniture",
        "a furniture",
        "furnitures",
        "an item of furniture"
      ],
      "correct": ["furniture"]
    },
    {
      "id": "6",
      "quesion": "다음 빈칸에 알맞는 답을 고르세요.",
      "quizType": "type1",
      "quiz": "She has <!-(problem area)-!> on her desk.",
      "options": [
        "pair of scissors",
        "pairs of scissor",
        "pairs of scissors",
        "neither scissors"
      ],
      "correct": ["a pair of scissors"]
    },
    {
      "id": "7",
      "quesion": "다음 빈칸에 알맞는 답을 고르세요.",
      "quizType": "type1",
      "quiz": "I need a <!-(problem area)-!> water.",
      "options": ["bottle", "bottles", "both bottle", "none bottle"],
      "correct": ["bottle"]
    },
    {
      "id": "8",
      "quesion": "다음 빈칸에 알맞는 답을 고르세요.",
      "quizType": "type1",
      "quiz": "First, he used <!-(problem area)-!>",
      "options": ["tool", "a tool", "tools", "a tools"],
      "correct": ["a tool"]
    },
    {
      "id": "9",
      "quesion": "다음 빈칸에 알맞는 답을 고르세요.",
      "quizType": "type1",
      "quiz": "He loves <!-(problem area)-!>",
      "options": ["beers", "beer", "a beer", "beers'"],
      "correct": ["beer"]
    },
    {
      "id": "10",
      "quesion": "다음 빈칸에 알맞는 답을 고르세요.",
      "quizType": "type1",
      "quiz": "She has <!-(problem area)-!> of fish in the tank.",
      "options": ["plenty", "plenties", "a plenty", "plenty of"],
      "correct": ["plenty"]
    },
    {
      "quiz": "Can you pass me those <!-(problem area)-!>?",
      "options": ["scissors", "scissor", "scissers", "sciss"],
      "correct": ["scissors"],
      "description": "The noun 'scissors' is plural.",
      "id": "11",
      "quesion": "다음 빈칸에 알맞는 답을 고르세요.",
      "quizType": "type1"
    },
    {
      "quiz": "She bought <!-(problem area)-!> for her new apartment.",
      "options": ["furniture", "furnitures", "a furniture", "some furnitures"],
      "correct": ["furniture"],
      "description": "'Furniture' is an uncountable noun.",
      "id": "12",
      "quesion": "다음 빈칸에 알맞는 답을 고르세요.",
      "quizType": "type1"
    },
    {
      "quiz": "There's a <!-(problem area)-!> on the table.",
      "options": ["cup", "cups", "a cups", "cupes"],
      "correct": ["cup"],
      "description": "A single 'cup' is a countable noun.",
      "id": "13",
      "quesion": "다음 빈칸에 알맞는 답을 고르세요.",
      "quizType": "type1"
    },
    {
      "quiz": "We bought some <!-(problem area)-!> apples at the market.",
      "options": ["fresh", "freshed", "freshes", "fres"],
      "correct": ["fresh"],
      "description": "'Fresh' is an adjective describing the countable noun 'apples'.",
      "id": "14",
      "quesion": "다음 빈칸에 알맞는 답을 고르세요.",
      "quizType": "type1"
    },
    {
      "quiz": "This <!-(problem area)-!> has cheese in it.",
      "options": ["bread", "breads", "a bread", "breeds"],
      "correct": ["bread"],
      "description": "'Bread' is an uncountable noun.",
      "id": "15",
      "quesion": "다음 빈칸에 알맞는 답을 고르세요.",
      "quizType": "type1"
    },
    {
      "quiz": "Can you pass me that pair of <!-(problem area)-!>?",
      "options": ["scissors", "scissor", "scissers", "sciss"],
      "correct": ["scissors"],
      "description": "The noun 'scissors' is plural.",
      "id": "16",
      "quesion": "다음 빈칸에 알맞는 답을 고르세요.",
      "quizType": "type1"
    },
    {
      "quiz": "There are three <!-(problem area)-!> in the bag.",
      "options": ["apples", "apple", "a apple", "appless"],
      "correct": ["apples"],
      "description": "'Apples' is the plural form of the countable noun 'apple'.",
      "id": "17",
      "quesion": "다음 빈칸에 알맞는 답을 고르세요.",
      "quizType": "type1"
    },
    {
      "quiz": "I need to buy some <!-(problem area)-!> for dinner.",
      "options": ["bread", "breads", "a bread", "breeds"],
      "correct": ["bread"],
      "description": "'Bread' is an uncountable noun.",
      "id": "18",
      "quesion": "다음 빈칸에 알맞는 답을 고르세요.",
      "quizType": "type1"
    },
    {
      "quiz": "Could you give me a <!-(problem area)-!> of information?",
      "options": ["piece", "pieces", "piece of", "pieces of"],
      "correct": ["piece"],
      "description": "'Piece of information' is a way to count uncountable 'information'.",
      "id": "19",
      "quesion": "다음 빈칸에 알맞는 답을 고르세요.",
      "quizType": "type1"
    },
    {
      "quiz": "We need to buy some <!-(problem area)-!> for the new house.",
      "options": ["furniture", "furnitures", "a furniture", "some furnitures"],
      "correct": ["furniture"],
      "description": "'Furniture' is an uncountable noun.",
      "id": "20",
      "quesion": "다음 빈칸에 알맞는 답을 고르세요.",
      "quizType": "type1"
    },
    {
      "quiz": "There's a <!-(problem area)-!> of cheese on the table.",
      "options": ["block", "blocks", "block of", "blocks of"],
      "correct": ["block"],
      "description": "'Block of cheese' is a way to count uncountable 'cheese'.",
      "id": "21",
      "quesion": "다음 빈칸에 알맞는 답을 고르세요.",
      "quizType": "type1"
    },
    {
      "quiz": "I saw a flock of <!-(problem area)-!> flying south.",
      "options": ["birds", "bird", "a bird", "birdes"],
      "correct": ["birds"],
      "description": "'Birds' is the plural form of the countable noun 'bird'.",
      "id": "22",
      "quesion": "다음 빈칸에 알맞는 답을 고르세요.",
      "quizType": "type1"
    },
    {
      "quiz": "We bought several <!-(problem area)-!> of fruit.",
      "options": ["pieces", "piece", "piece of", "pieces of"],
      "correct": ["pieces"],
      "description": "'Pieces of fruit' is a way to count uncountable 'fruit'.",
      "id": "23",
      "quesion": "다음 빈칸에 알맞는 답을 고르세요.",
      "quizType": "type1"
    },
    {
      "quiz": "I need to buy a new <!-(problem area)-!> for the living room.",
      "options": [
        "piece of furniture",
        "furnitures",
        "furniture",
        "a furniture"
      ],
      "correct": ["piece of furniture"],
      "description": "'Piece of furniture' is a way to count uncountable 'furniture'.",
      "id": "24",
      "quesion": "다음 빈칸에 알맞는 답을 고르세요.",
      "quizType": "type1"
    },
    {
      "quiz": "There are many <!-(problem area)-!> in the sky.",
      "options": ["stars", "star", "a star", "stares"],
      "correct": ["stars"],
      "description": "'Stars' is the plural form of the countable noun 'star'.",
      "id": "25",
      "quesion": "다음 빈칸에 알맞는 답을 고르세요.",
      "quizType": "type1"
    },
    {
      "quiz": "She gave me some <!-(problem area)-!> advice.",
      "options": ["good", "goods", "goods of", "good of"],
      "correct": ["good"],
      "description": "'Good advice' uses 'good' as an adjective for uncountable 'advice'.",
      "id": "26",
      "quesion": "다음 빈칸에 알맞는 답을 고르세요.",
      "quizType": "type1"
    },
    {
      "quiz": "Can you hand me a pair of <!-(problem area)-!>?",
      "options": ["scissors", "scissor", "scissers", "sciss"],
      "correct": ["scissors"],
      "description": "The noun 'scissors' is plural.",
      "id": "27",
      "quesion": "다음 빈칸에 알맞는 답을 고르세요.",
      "quizType": "type1"
    },
    {
      "quiz": "There is a <!-(problem area)-!> on the counter.",
      "options": ["loaf of bread", "loaves of bread", "bread", "breads"],
      "correct": ["loaf of bread"],
      "description": "'Loaf of bread' is a way to count uncountable 'bread'.",
      "id": "28",
      "quesion": "다음 빈칸에 알맞는 답을 고르세요.",
      "quizType": "type1"
    },
    {
      "quiz": "Can you give me some <!-(problem area)-!>?",
      "options": ["water", "waters", "water of", "a water"],
      "correct": ["water"],
      "description": "'Water' is an uncountable noun.",
      "id": "29",
      "quesion": "다음 빈칸에 알맞는 답을 고르세요.",
      "quizType": "type1"
    },
    {
      "quiz": "There are several <!-(problem area)-!> on the table.",
      "options": ["books", "book", "a book", "bookes"],
      "correct": ["books"],
      "description": "'Books' is the plural form of the countable noun 'book'.",
      "id": "30",
      "quesion": "다음 빈칸에 알맞는 답을 고르세요.",
      "quizType": "type1"
    },
    {
      "quiz": "I need a <!-(problem area)-!> of paper.",
      "options": ["sheet", "sheets", "sheet of", "sheets of"],
      "correct": ["sheet"],
      "description": "'Sheet of paper' is a way to count uncountable 'paper'.",
      "id": "31",
      "quesion": "다음 빈칸에 알맞는 답을 고르세요.",
      "quizType": "type1"
    },
    {
      "quiz": "Can you buy a <!-(problem area)-!> of milk?",
      "options": ["carton", "cartons", "carton of", "cartons of"],
      "correct": ["carton"],
      "description": "'Carton of milk' is a way to count uncountable 'milk'.",
      "id": "32",
      "quesion": "다음 빈칸에 알맞는 답을 고르세요.",
      "quizType": "type1"
    },
    {
      "quiz": "There is a lot of <!-(problem area)-!> in the garden.",
      "options": ["grass", "grasses", "grasse", "grass of"],
      "correct": ["grass"],
      "description": "'Grass' is an uncountable noun.",
      "id": "33",
      "quesion": "다음 빈칸에 알맞는 답을 고르세요.",
      "quizType": "type1"
    },
    {
      "quiz": "We have many <!-(problem area)-!> to complete.",
      "options": ["tasks", "task", "a task", "taskes"],
      "correct": ["tasks"],
      "description": "'Tasks' is the plural form of the countable noun 'task'.",
      "id": "34",
      "quesion": "다음 빈칸에 알맞는 답을 고르세요.",
      "quizType": "type1"
    },
    {
      "quiz": "I need to buy a <!-(problem area)-!> eggs.",
      "options": ["dozen", "dozens", "dozen of", "dozens of"],
      "correct": ["dozen"],
      "description": "'Dozen of eggs' is a way to count the plural noun 'eggs'.",
      "id": "35",
      "quesion": "다음 빈칸에 알맞는 답을 고르세요.",
      "quizType": "type1"
    },
    {
      "quiz": "There are some <!-(problem area)-!> on the floor.",
      "options": ["papers", "paper", "a paper", "papers of"],
      "correct": ["papers"],
      "description": "'Papers' is the plural form of the countable noun 'paper'.",
      "id": "36",
      "quesion": "다음 빈칸에 알맞는 답을 고르세요.",
      "quizType": "type1"
    },
    {
      "quiz": "Can you buy a <!-(problem area)-!> of rice?",
      "options": ["bag", "bags", "bag of", "bags of"],
      "correct": ["bag"],
      "description": "'Bag of rice' is a way to count uncountable 'rice'.",
      "id": "37",
      "quesion": "다음 빈칸에 알맞는 답을 고르세요.",
      "quizType": "type1"
    },
    {
      "quiz": "There are several <!-(problem area)-!> on the shelf.",
      "options": ["bottles", "bottle", "a bottle", "bottles of"],
      "correct": ["bottles"],
      "description": "'Bottles' is the plural form of the countable noun 'bottle'.",
      "id": "38",
      "quesion": "다음 빈칸에 알맞는 답을 고르세요.",
      "quizType": "type1"
    },
    {
      "quiz": "He gave me some useful <!-(problem area)-!>.",
      "options": [
        "information",
        "informations",
        "information of",
        "a information"
      ],
      "correct": ["information"],
      "description": "'Information' is an uncountable noun.",
      "id": "39",
      "quesion": "다음 빈칸에 알맞는 답을 고르세요.",
      "quizType": "type1"
    },
    {
      "quiz": "There is a lot of <!-(problem area)-!> in the refrigerator.",
      "options": ["food", "foods", "food of", "a food"],
      "correct": ["food"],
      "description": "'Food' is an uncountable noun.",
      "id": "40",
      "quesion": "다음 빈칸에 알맞는 답을 고르세요.",
      "quizType": "type1"
    },
    {
      "quiz": "I need a <!-(problem area)-!> of advice.",
      "options": ["piece", "pieces", "piece of", "pieces of"],
      "correct": ["piece"],
      "description": "'Piece of advice' is a way to count uncountable 'advice'.",
      "id": "41",
      "quesion": "다음 빈칸에 알맞는 답을 고르세요.",
      "quizType": "type1"
    },
    {
      "quiz": "There are many <!-(problem area)-!> in the library.",
      "options": ["books", "book", "a book", "bookes"],
      "correct": ["books"],
      "description": "'Books' is the plural form of the countable noun 'book'.",
      "id": "42",
      "quesion": "다음 빈칸에 알맞는 답을 고르세요.",
      "quizType": "type1"
    },
    {
      "quiz": "We need to buy some <!-(problem area)-!> for breakfast.",
      "options": ["bread", "breads", "a bread", "breeds"],
      "correct": ["bread"],
      "description": "'Bread' is an uncountable noun.",
      "id": "43",
      "quesion": "다음 빈칸에 알맞는 답을 고르세요.",
      "quizType": "type1"
    },
    {
      "quiz": "Can you pass me those <!-(problem area)-!>?",
      "options": ["scissors", "scissor", "scissers", "sciss"],
      "correct": ["scissors"],
      "description": "The noun 'scissors' is plural.",
      "id": "44",
      "quesion": "다음 빈칸에 알맞는 답을 고르세요.",
      "quizType": "type1"
    },
    {
      "quiz": "She bought <!-(problem area)-!> for her new apartment.",
      "options": ["furniture", "furnitures", "a furniture", "some furnitures"],
      "correct": ["furniture"],
      "description": "'Furniture' is an uncountable noun.",
      "id": "45",
      "quesion": "다음 빈칸에 알맞는 답을 고르세요.",
      "quizType": "type1"
    },
    {
      "quiz": "There's a <!-(problem area)-!> on the table.",
      "options": ["cup", "cups", "a cups", "cupes"],
      "correct": ["cup"],
      "description": "A single 'cup' is a countable noun.",
      "id": "46",
      "quesion": "다음 빈칸에 알맞는 답을 고르세요.",
      "quizType": "type1"
    },
    {
      "quiz": "We bought some <!-(problem area)-!> apples at the market.",
      "options": ["fresh", "freshed", "freshes", "fres"],
      "correct": ["fresh"],
      "description": "'Fresh' is an adjective describing the countable noun 'apples'.",
      "id": "47",
      "quesion": "다음 빈칸에 알맞는 답을 고르세요.",
      "quizType": "type1"
    },
    {
      "quiz": "This <!-(problem area)-!> has cheese in it.",
      "options": ["bread", "breads", "a bread", "breeds"],
      "correct": ["bread"],
      "description": "'Bread' is an uncountable noun.",
      "id": "48",
      "quesion": "다음 빈칸에 알맞는 답을 고르세요.",
      "quizType": "type1"
    },
    {
      "quiz": "Can you pass me that pair of <!-(problem area)-!>?",
      "options": ["scissors", "scissor", "scissers", "sciss"],
      "correct": ["scissors"],
      "description": "The noun 'scissors' is plural.",
      "id": "49",
      "quesion": "다음 빈칸에 알맞는 답을 고르세요.",
      "quizType": "type1"
    },
    {
      "quiz": "There are three <!-(problem area)-!> in the bag.",
      "options": ["apples", "apple", "a apple", "appless"],
      "correct": ["apples"],
      "description": "'Apples' is the plural form of the countable noun 'apple'.",
      "id": "50",
      "quesion": "다음 빈칸에 알맞는 답을 고르세요.",
      "quizType": "type1"
    },
    {
      "quiz": "I need to buy some <!-(problem area)-!> for dinner.",
      "options": ["bread", "breads", "a bread", "breeds"],
      "correct": ["bread"],
      "description": "'Bread' is an uncountable noun.",
      "id": "51",
      "quesion": "다음 빈칸에 알맞는 답을 고르세요.",
      "quizType": "type1"
    },
    {
      "quiz": "Could you give me a <!-(problem area)-!> of information?",
      "options": ["piece", "pieces", "piece of", "pieces of"],
      "correct": ["piece"],
      "description": "'Piece of information' is a way to count uncountable 'information'.",
      "id": "52",
      "quesion": "다음 빈칸에 알맞는 답을 고르세요.",
      "quizType": "type1"
    },
    {
      "quiz": "We need to buy some <!-(problem area)-!> for the new house.",
      "options": ["furniture", "furnitures", "a furniture", "some furnitures"],
      "correct": ["furniture"],
      "description": "'Furniture' is an uncountable noun.",
      "id": "53",
      "quesion": "다음 빈칸에 알맞는 답을 고르세요.",
      "quizType": "type1"
    },
    {
      "quiz": "There's a <!-(problem area)-!> of cheese on the table.",
      "options": ["block", "blocks", "block of", "blocks of"],
      "correct": ["block"],
      "description": "'Block of cheese' is a way to count uncountable 'cheese'.",
      "id": "54",
      "quesion": "다음 빈칸에 알맞는 답을 고르세요.",
      "quizType": "type1"
    },
    {
      "quiz": "I saw a flock of <!-(problem area)-!> flying south.",
      "options": ["birds", "bird", "a bird", "birdes"],
      "correct": ["birds"],
      "description": "'Birds' is the plural form of the countable noun 'bird'.",
      "id": "55",
      "quesion": "다음 빈칸에 알맞는 답을 고르세요.",
      "quizType": "type1"
    },
    {
      "quiz": "We bought several <!-(problem area)-!> of fruit.",
      "options": ["pieces", "piece", "piece of", "pieces of"],
      "correct": ["pieces"],
      "description": "'Pieces of fruit' is a way to count uncountable 'fruit'.",
      "id": "56",
      "quesion": "다음 빈칸에 알맞는 답을 고르세요.",
      "quizType": "type1"
    },
    {
      "quiz": "I need to buy a new <!-(problem area)-!> for the living room.",
      "options": [
        "piece of furniture",
        "furnitures",
        "furniture",
        "a furniture"
      ],
      "correct": ["piece of furniture"],
      "description": "'Piece of furniture' is a way to count uncountable 'furniture'.",
      "id": "57",
      "quesion": "다음 빈칸에 알맞는 답을 고르세요.",
      "quizType": "type1"
    },
    {
      "quiz": "There are many <!-(problem area)-!> in the sky.",
      "options": ["stars", "star", "a star", "stares"],
      "correct": ["stars"],
      "description": "'Stars' is the plural form of the countable noun 'star'.",
      "id": "58",
      "quesion": "다음 빈칸에 알맞는 답을 고르세요.",
      "quizType": "type1"
    },
    {
      "quiz": "She gave me some <!-(problem area)-!> advice.",
      "options": ["good", "goods", "goods of", "good of"],
      "correct": ["good"],
      "description": "'Good advice' uses 'good' as an adjective for uncountable 'advice'.",
      "id": "59",
      "quesion": "다음 빈칸에 알맞는 답을 고르세요.",
      "quizType": "type1"
    },
    {
      "quiz": "Can you hand me a pair of <!-(problem area)-!>?",
      "options": ["scissors", "scissor", "scissers", "sciss"],
      "correct": ["scissors"],
      "description": "The noun 'scissors' is plural.",
      "id": "60",
      "quesion": "다음 빈칸에 알맞는 답을 고르세요.",
      "quizType": "type1"
    },
    {
      "quiz": "There is a <!-(problem area)-!> on the counter.",
      "options": ["loaf of bread", "loaves of bread", "bread", "breads"],
      "correct": ["loaf of bread"],
      "description": "'Loaf of bread' is a way to count uncountable 'bread'.",
      "id": "61",
      "quesion": "다음 빈칸에 알맞는 답을 고르세요.",
      "quizType": "type1"
    }
  ]
}
