{
  "version": "4",
  "lang": "kr",
  "id": "7",
  "title": "수동태",
  "list": [
    {
      "id": "1",
      "quesion": "다음 빈칸에 알맞는 답을 고르세요.",
      "quizType": "type1",
      "quiz": "The song was <!-(problem area)-!> by everyone at the party.",
      "options": ["heard", "hearded", "hearing", "to hear"],
      "correct": ["heard"]
    },
    {
      "id": "2",
      "quesion": "다음 빈칸에 알맞는 답을 고르세요.",
      "quizType": "type1",
      "quiz": "The dishes will be <!-(problem area)-!> after dinner.",
      "options": ["washed", "washes", "washing", "wash"],
      "correct": ["washed"]
    },
    {
      "id": "3",
      "quesion": "다음 빈칸에 알맞는 답을 고르세요.",
      "quizType": "type1",
      "quiz": "The car was <!-(problem area)-!> in the parking lot.",
      "options": ["left", "leave", "leaving", "to leave"],
      "correct": ["left"]
    },
    {
      "id": "4",
      "quesion": "다음 빈칸에 알맞는 답을 고르세요.",
      "quizType": "type1",
      "quiz": "The letter <!-(problem area)-!> yesterday.",
      "options": ["received", "was received", "to receive", "receiving"],
      "correct": ["was received"]
    },
    {
      "id": "5",
      "quesion": "다음 빈칸에 알맞는 답을 고르세요.",
      "quizType": "type1",
      "quiz": "The book has been <!-(problem area)-!> by the teacher",
      "options": ["reading", "read", "reads", "to read"],
      "correct": ["read"]
    },
    {
      "id": "6",
      "quesion": "다음 빈칸에 알맞는 답을 고르세요.",
      "quizType": "type1",
      "quiz": "The cake needs to be <!-(problem area)-!> for 30 minutes.",
      "options": ["baked", "bake", "baking", "bakes"],
      "correct": ["baked"]
    },
    {
      "id": "7",
      "quesion": "다음 빈칸에 알맞는 답을 고르세요.",
      "quizType": "type1",
      "quiz": "A new software will be <!-(problem area)-!> by the team.",
      "options": ["developed", "develop", "develops", "developing"],
      "correct": ["developed"]
    },
    {
      "id": "8",
      "quesion": "다음 빈칸에 알맞는 답을 고르세요.",
      "quizType": "type1",
      "quiz": "The house was <!-(problem area)-!> last month.",
      "options": ["painted", "painted", "painting", "paints"],
      "correct": ["painted"]
    },
    {
      "id": "9",
      "quesion": "다음 빈칸에 알맞는 답을 고르세요.",
      "quizType": "type1",
      "quiz": "The window was <!-(problem area)-!> by the storm last night.",
      "options": ["broken", "break", "breaking", "breaks"],
      "correct": ["broken"]
    },
    {
      "id": "10",
      "quesion": "다음 빈칸에 알맞는 답을 고르세요.",
      "quizType": "type1",
      "quiz": "The phone was <!-(problem area)-!> on the table.",
      "options": ["left", "leave", "leaving", "leaves"],
      "correct": ["left"]
    },
    {
      "id": "11",
      "quesion": "다음 빈칸에 알맞는 답을 고르세요.",
      "quizType": "type1",
      "quiz": "The cake was <!-(problem area)-!> by the chef.",
      "options": ["made", "make", "makes", "making"],
      "correct": ["made"]
    },
    {
      "id": "12",
      "quesion": "다음 빈칸에 알맞는 답을 고르세요.",
      "quizType": "type1",
      "quiz": "The suitcase was <!-(problem area)-!> in the hallway.",
      "options": ["found", "find", "finding", "finds"],
      "correct": ["found"]
    },
    {
      "id": "13",
      "quesion": "다음 빈칸에 알맞는 답을 고르세요.",
      "quizType": "type1",
      "quiz": "The test will be <!-(problem area)-!> on Wednesday.",
      "options": ["held", "hold", "holding", "holds"],
      "correct": ["held"]
    },
    {
      "id": "14",
      "quesion": "다음 빈칸에 알맞는 답을 고르세요.",
      "quizType": "type1",
      "quiz": "The boat was <!-(problem area)-!> by the giant wave.",
      "options": ["capsized", "capsize", "capsizing", "capsizes"],
      "correct": ["capsized"]
    },
    {
      "id": "15",
      "quesion": "다음 빈칸에 알맞는 답을 고르세요.",
      "quizType": "type1",
      "quiz": "The tree must be <!-(problem area)-!> down immediately.",
      "options": ["cut", "cuts", "cutting", "cutted"],
      "correct": ["cut"]
    },
    {
      "id": "16",
      "quesion": "다음 빈칸에 알맞는 답을 고르세요.",
      "quizType": "type1",
      "quiz": "The contract has been <!-(problem area)-!> today.",
      "options": ["signed", "sign", "signing", "signs"],
      "correct": ["signed"]
    },
    {
      "id": "17",
      "quesion": "다음 빈칸에 알맞는 답을 고르세요.",
      "quizType": "type1",
      "quiz": "The concert tickets have already been <!-(problem area)-!> .",
      "options": ["bought", "buy", "buys", "buying"],
      "correct": ["bought"]
    },
    {
      "id": "18",
      "quesion": "다음 빈칸에 알맞는 답을 고르세요.",
      "quizType": "type1",
      "quiz": "The homework should be <!-(problem area)-!> in by 9 a.m.",
      "options": ["turned", "turn", "turning", "turns"],
      "correct": ["turned"]
    },
    {
      "id": "19",
      "quesion": "다음 빈칸에 알맞는 답을 고르세요.",
      "quizType": "type1",
      "quiz": "The package was <!-(problem area)-!> at the post office.",
      "options": ["dropped", "drop", "drops", "dropping"],
      "correct": ["dropped"]
    },
    {
      "id": "20",
      "quesion": "다음 빈칸에 알맞는 답을 고르세요.",
      "quizType": "type1",
      "quiz": "The deal was <!-(problem area)-!> in the end.",
      "options": ["canceled", "cancel", "cancels", "canceling"],
      "correct": ["canceled"]
    }
  ]
}
