{
  "version": "4",
  "lang": "kr",
  "id": "14",
  "title": "비교급과 최상급",
  "list": [
    {
      "id": "1",
      "quesion": "다음 빈칸에 알맞는 답을 고르세요.",
      "quizType": "type1",
      "quiz": "My cat is <!-(problem area)-!> my dog.",
      "options": ["as small as", "smaller than", "small", "smallest"],
      "correct": "smaller than"
    },
    {
      "id": "2",
      "quesion": "다음 빈칸에 알맞는 답을 고르세요.",
      "quizType": "type1",
      "quiz": "Math is <!-(problem area)-!> physics for me.",
      "options": [
        "more difficult than",
        "most difficult",
        "difficult",
        "as difficult as"
      ],
      "correct": "more difficult than"
    },
    {
      "id": "3",
      "quesion": "다음 빈칸에 알맞는 답을 고르세요.",
      "quizType": "type1",
      "quiz": "This book is <!-(problem area)-!> interesting book I have ever read.",
      "options": ["the most", "more than", "the more", "the mostest"],
      "correct": "the most"
    },
    {
      "id": "4",
      "quesion": "다음 빈칸에 알맞는 답을 고르세요.",
      "quizType": "type1",
      "quiz": "The Amazon River is <!-(problem area)-!> Nile River.",
      "options": [
        "as long as",
        "more long than",
        "longest than",
        "the longest"
      ],
      "correct": "as long as"
    },
    {
      "id": "5",
      "quesion": "다음 빈칸에 알맞는 답을 고르세요.",
      "quizType": "type1",
      "quiz": "She sings <!-(problem area)-!> a professional singer.",
      "options": ["as good as", "better than", "good", "the best"],
      "correct": "as good as"
    },
    {
      "id": "6",
      "quesion": "다음 빈칸에 알맞는 답을 고르세요.",
      "quizType": "type1",
      "quiz": "This dog is <!-(problem area)-!> dog in our neighborhood.",
      "options": ["the biggest", "biggest than", "big", "as bigger as"],
      "correct": "the biggest"
    },
    {
      "id": "7",
      "quesion": "다음 빈칸에 알맞는 답을 고르세요.",
      "quizType": "type1",
      "quiz": "It's <!-(problem area)-!> thing I could ever imagine.",
      "options": ["the worst", "worst than", "bad", "as bad as"],
      "correct": "the worst"
    },
    {
      "id": "8",
      "quesion": "다음 빈칸에 알맞는 답을 고르세요.",
      "quizType": "type1",
      "quiz": "She's <!-(problem area)-!> girl in her class.",
      "options": ["the shortest", "shorter than", "short", "as short as"],
      "correct": "the shortest"
    },
    {
      "id": "9",
      "quesion": "다음 빈칸에 알맞는 답을 고르세요.",
      "quizType": "type1",
      "quiz": "The Eiffel tower is <!-(problem area)-!> building in Paris.",
      "options": ["the tallest", "tall than", "tall", "as tall as"],
      "correct": "the tallest"
    },
    {
      "id": "10",
      "quesion": "다음 빈칸에 알맞는 답을 고르세요.",
      "quizType": "type1",
      "quiz": "My brother is <!-(problem area)-!> me.",
      "options": ["taller than", "the tallest", "tall", "as tall as"],
      "correct": "taller than"
    },
    {
      "quiz": "This problem is much <!-(problem area)-!> than the last one.",
      "options": ["harder", "hard", "hardest", "more hard"],
      "correct": "harder",
      "description": "Comparative form for 'hard' is 'harder'.",
      "id": "11",
      "quesion": "다음 빈칸에 알맞는 답을 고르세요.",
      "quizType": "type1"
    },
    {
      "quiz": "She is the <!-(problem area)-!> student in the class.",
      "options": ["smartest", "smarter", "most smart", "smart"],
      "correct": "smartest",
      "description": "Superlative form for 'smart' is 'smartest'.",
      "id": "12",
      "quesion": "다음 빈칸에 알맞는 답을 고르세요.",
      "quizType": "type1"
    },
    {
      "quiz": "This cake is as <!-(problem area)-!> as that one.",
      "options": [
        "delicious",
        "more delicious",
        "deliciouser",
        "most delicious"
      ],
      "correct": "delicious",
      "description": "'As ~ as' requires the adjective 'delicious' in its base form.",
      "id": "13",
      "quesion": "다음 빈칸에 알맞는 답을 고르세요.",
      "quizType": "type1"
    },
    {
      "quiz": "Her dress is <!-(problem area)-!> than mine.",
      "options": ["prettier", "pretty", "prettiest", "more pretty"],
      "correct": "prettier",
      "description": "Comparative form for 'pretty' is 'prettier'.",
      "id": "14",
      "quesion": "다음 빈칸에 알맞는 답을 고르세요.",
      "quizType": "type1"
    },
    {
      "quiz": "He is the <!-(problem area)-!> player on the team.",
      "options": ["best", "better", "good", "most good"],
      "correct": "best",
      "description": "Superlative form for 'good' is 'best'.",
      "id": "15",
      "quesion": "다음 빈칸에 알맞는 답을 고르세요.",
      "quizType": "type1"
    },
    {
      "quiz": "This task is as <!-(problem area)-!> as the last one.",
      "options": [
        "difficult",
        "more difficult",
        "difficulter",
        "most difficult"
      ],
      "correct": "difficult",
      "description": "'As ~ as' requires the adjective 'difficult' in its base form.",
      "id": "16",
      "quesion": "다음 빈칸에 알맞는 답을 고르세요.",
      "quizType": "type1"
    },
    {
      "quiz": "This movie is <!-(problem area)-!> than the previous one.",
      "options": ["better", "best", "good", "most good"],
      "correct": "better",
      "description": "Comparative form for 'good' is 'better'.",
      "id": "17",
      "quesion": "다음 빈칸에 알맞는 답을 고르세요.",
      "quizType": "type1"
    },
    {
      "quiz": "She is the <!-(problem area)-!> dancer I've ever seen.",
      "options": ["most graceful", "gracefuler", "more graceful", "graceful"],
      "correct": "most graceful",
      "description": "Superlative form for 'graceful' is 'most graceful'.",
      "id": "18",
      "quesion": "다음 빈칸에 알맞는 답을 고르세요.",
      "quizType": "type1"
    },
    {
      "quiz": "The test was <!-(problem area)-!> than I expected.",
      "options": ["easier", "easy", "easiest", "more easy"],
      "correct": "easier",
      "description": "Comparative form for 'easy' is 'easier'.",
      "id": "19",
      "quesion": "다음 빈칸에 알맞는 답을 고르세요.",
      "quizType": "type1"
    },
    {
      "quiz": "Her voice is as <!-(problem area)-!> as a nightingale's.",
      "options": [
        "melodious",
        "more melodious",
        "melodiousest",
        "most melodious"
      ],
      "correct": "melodious",
      "description": "'As ~ as' requires the adjective 'melodious' in its base form.",
      "id": "20",
      "quesion": "다음 빈칸에 알맞는 답을 고르세요.",
      "quizType": "type1"
    },
    {
      "quiz": "This book is <!-(problem area)-!> than that one.",
      "options": ["thicker", "thick", "thickest", "more thick"],
      "correct": "thicker",
      "description": "Comparative form for 'thick' is 'thicker'.",
      "id": "21",
      "quesion": "다음 빈칸에 알맞는 답을 고르세요.",
      "quizType": "type1"
    },
    {
      "quiz": "She is the <!-(problem area)-!> of all the siblings.",
      "options": ["youngest", "younger", "young", "most young"],
      "correct": "youngest",
      "description": "Superlative form for 'young' is 'youngest'.",
      "id": "22",
      "quesion": "다음 빈칸에 알맞는 답을 고르세요.",
      "quizType": "type1"
    },
    {
      "quiz": "This puzzle is as <!-(problem area)-!> as the last one.",
      "options": [
        "challenging",
        "more challenging",
        "challenginger",
        "most challenging"
      ],
      "correct": "challenging",
      "description": "'As ~ as' requires the adjective 'challenging' in its base form.",
      "id": "23",
      "quesion": "다음 빈칸에 알맞는 답을 고르세요.",
      "quizType": "type1"
    },
    {
      "quiz": "Her bag is <!-(problem area)-!> than mine.",
      "options": ["heavier", "heavy", "heaviest", "more heavy"],
      "correct": "heavier",
      "description": "Comparative form for 'heavy' is 'heavier'.",
      "id": "24",
      "quesion": "다음 빈칸에 알맞는 답을 고르세요.",
      "quizType": "type1"
    },
    {
      "quiz": "He is the <!-(problem area)-!> runner in the team.",
      "options": ["fastest", "faster", "fast", "most fast"],
      "correct": "fastest",
      "description": "Superlative form for 'fast' is 'fastest'.",
      "id": "25",
      "quesion": "다음 빈칸에 알맞는 답을 고르세요.",
      "quizType": "type1"
    },
    {
      "quiz": "The weather today is as <!-(problem area)-!> as yesterday.",
      "options": ["cold", "colder", "coldest", "more cold"],
      "correct": "cold",
      "description": "'As ~ as' requires the adjective 'cold' in its base form.",
      "id": "26",
      "quesion": "다음 빈칸에 알맞는 답을 고르세요.",
      "quizType": "type1"
    },
    {
      "quiz": "This road is <!-(problem area)-!> than the highway.",
      "options": ["narrower", "narrow", "narrowest", "more narrow"],
      "correct": "narrower",
      "description": "Comparative form for 'narrow' is 'narrower'.",
      "id": "27",
      "quesion": "다음 빈칸에 알맞는 답을 고르세요.",
      "quizType": "type1"
    },
    {
      "quiz": "She is the <!-(problem area)-!> in the group.",
      "options": ["most talented", "talentedest", "talented", "more talented"],
      "correct": "most talented",
      "description": "Superlative form for 'talented' is 'most talented'.",
      "id": "28",
      "quesion": "다음 빈칸에 알맞는 답을 고르세요.",
      "quizType": "type1"
    },
    {
      "quiz": "The painting is as <!-(problem area)-!> as a photograph.",
      "options": [
        "realistic",
        "more realistic",
        "realisticest",
        "most realistic"
      ],
      "correct": "realistic",
      "description": "'As ~ as' requires the adjective 'realistic' in its base form.",
      "id": "29",
      "quesion": "다음 빈칸에 알맞는 답을 고르세요.",
      "quizType": "type1"
    },
    {
      "quiz": "His performance was <!-(problem area)-!> than last time.",
      "options": ["better", "best", "good", "most good"],
      "correct": "better",
      "description": "Comparative form for 'good' is 'better'.",
      "id": "30",
      "quesion": "다음 빈칸에 알맞는 답을 고르세요.",
      "quizType": "type1"
    },
    {
      "quiz": "She is the <!-(problem area)-!> singer in the choir.",
      "options": ["best", "better", "good", "most good"],
      "correct": "best",
      "description": "Superlative form for 'good' is 'best'.",
      "id": "31",
      "quesion": "다음 빈칸에 알맞는 답을 고르세요.",
      "quizType": "type1"
    },
    {
      "quiz": "His explanation is as <!-(problem area)-!> as the teacher's.",
      "options": ["clear", "clearer", "clearest", "more clear"],
      "correct": "clear",
      "description": "'As ~ as' requires the adjective 'clear' in its base form.",
      "id": "32",
      "quesion": "다음 빈칸에 알맞는 답을 고르세요.",
      "quizType": "type1"
    },
    {
      "quiz": "This path is <!-(problem area)-!> than the other one.",
      "options": ["steeper", "steep", "steepest", "more steep"],
      "correct": "steeper",
      "description": "Comparative form for 'steep' is 'steeper'.",
      "id": "33",
      "quesion": "다음 빈칸에 알맞는 답을 고르세요.",
      "quizType": "type1"
    },
    {
      "quiz": "She is the <!-(problem area)-!> artist in the class.",
      "options": ["most creative", "creativest", "creative", "more creative"],
      "correct": "most creative",
      "description": "Superlative form for 'creative' is 'most creative'.",
      "id": "34",
      "quesion": "다음 빈칸에 알맞는 답을 고르세요.",
      "quizType": "type1"
    },
    {
      "quiz": "His idea is as <!-(problem area)-!> as hers.",
      "options": [
        "innovative",
        "more innovative",
        "innovativer",
        "most innovative"
      ],
      "correct": "innovative",
      "description": "'As ~ as' requires the adjective 'innovative' in its base form.",
      "id": "35",
      "quesion": "다음 빈칸에 알맞는 답을 고르세요.",
      "quizType": "type1"
    },
    {
      "quiz": "This route is <!-(problem area)-!> than the highway.",
      "options": ["shorter", "short", "shortest", "more short"],
      "correct": "shorter",
      "description": "Comparative form for 'short' is 'shorter'.",
      "id": "36",
      "quesion": "다음 빈칸에 알맞는 답을 고르세요.",
      "quizType": "type1"
    },
    {
      "quiz": "She is the <!-(problem area)-!> player on the team.",
      "options": ["tallest", "taller", "tall", "most tall"],
      "correct": "tallest",
      "description": "Superlative form for 'tall' is 'tallest'.",
      "id": "37",
      "quesion": "다음 빈칸에 알맞는 답을 고르세요.",
      "quizType": "type1"
    },
    {
      "quiz": "The coffee is as <!-(problem area)-!> as tea.",
      "options": ["hot", "hotter", "hottest", "more hot"],
      "correct": "hot",
      "description": "'As ~ as' requires the adjective 'hot' in its base form.",
      "id": "38",
      "quesion": "다음 빈칸에 알맞는 답을 고르세요.",
      "quizType": "type1"
    },
    {
      "quiz": "This game is <!-(problem area)-!> than that one.",
      "options": ["more exciting", "exciting", "excitinger", "most exciting"],
      "correct": "more exciting",
      "description": "Comparative form for 'exciting' is 'more exciting'.",
      "id": "39",
      "quesion": "다음 빈칸에 알맞는 답을 고르세요.",
      "quizType": "type1"
    },
    {
      "quiz": "She is the <!-(problem area)-!> speaker at the conference.",
      "options": ["most eloquent", "eloquenter", "eloquent", "more eloquent"],
      "correct": "most eloquent",
      "description": "Superlative form for 'eloquent' is 'most eloquent'.",
      "id": "40",
      "quesion": "다음 빈칸에 알맞는 답을 고르세요.",
      "quizType": "type1"
    },
    {
      "quiz": "This problem is as <!-(problem area)-!> as the previous one.",
      "options": ["complex", "more complex", "complexer", "most complex"],
      "correct": "complex",
      "description": "'As ~ as' requires the adjective 'complex' in its base form.",
      "id": "41",
      "quesion": "다음 빈칸에 알맞는 답을 고르세요.",
      "quizType": "type1"
    },
    {
      "quiz": "His story is <!-(problem area)-!> than hers.",
      "options": [
        "more believable",
        "believable",
        "believabler",
        "most believable"
      ],
      "correct": "more believable",
      "description": "Comparative form for 'believable' is 'more believable'.",
      "id": "42",
      "quesion": "다음 빈칸에 알맞는 답을 고르세요.",
      "quizType": "type1"
    },
    {
      "quiz": "She is the <!-(problem area)-!> writer in the class.",
      "options": ["most talented", "talentedest", "talented", "more talented"],
      "correct": "most talented",
      "description": "Superlative form for 'talented' is 'most talented'.",
      "id": "43",
      "quesion": "다음 빈칸에 알맞는 답을 고르세요.",
      "quizType": "type1"
    },
    {
      "quiz": "The weather today is as <!-(problem area)-!> as it was yesterday.",
      "options": ["cold", "colder", "coldest", "more cold"],
      "correct": "cold",
      "description": "'As ~ as' requires the adjective 'cold' in its base form.",
      "id": "44",
      "quesion": "다음 빈칸에 알맞는 답을 고르세요.",
      "quizType": "type1"
    },
    {
      "quiz": "This path is <!-(problem area)-!> than the other one.",
      "options": ["steeper", "steep", "steepest", "more steep"],
      "correct": "steeper",
      "description": "Comparative form for 'steep' is 'steeper'.",
      "id": "45",
      "quesion": "다음 빈칸에 알맞는 답을 고르세요.",
      "quizType": "type1"
    },
    {
      "quiz": "She is the <!-(problem area)-!> student in her class.",
      "options": ["smartest", "smarter", "most smart", "smart"],
      "correct": "smartest",
      "description": "Superlative form for 'smart' is 'smartest'.",
      "id": "46",
      "quesion": "다음 빈칸에 알맞는 답을 고르세요.",
      "quizType": "type1"
    },
    {
      "quiz": "His voice is as <!-(problem area)-!> as a radio announcer's.",
      "options": ["clear", "clearer", "clearest", "more clear"],
      "correct": "clear",
      "description": "'As ~ as' requires the adjective 'clear' in its base form.",
      "id": "47",
      "quesion": "다음 빈칸에 알맞는 답을 고르세요.",
      "quizType": "type1"
    },
    {
      "quiz": "This soup is <!-(problem area)-!> than the last one.",
      "options": ["spicier", "spicy", "spiciest", "more spicy"],
      "correct": "spicier",
      "description": "Comparative form for 'spicy' is 'spicier'.",
      "id": "48",
      "quesion": "다음 빈칸에 알맞는 답을 고르세요.",
      "quizType": "type1"
    },
    {
      "quiz": "She is the <!-(problem area)-!> athlete in the school.",
      "options": ["strongest", "stronger", "strong", "most strong"],
      "correct": "strongest",
      "description": "Superlative form for 'strong' is 'strongest'.",
      "id": "49",
      "quesion": "다음 빈칸에 알맞는 답을 고르세요.",
      "quizType": "type1"
    },
    {
      "quiz": "This novel is as <!-(problem area)-!> as that one.",
      "options": [
        "interesting",
        "more interesting",
        "interestinger",
        "most interesting"
      ],
      "correct": "interesting",
      "description": "'As ~ as' requires the adjective 'interesting' in its base form.",
      "id": "50",
      "quesion": "다음 빈칸에 알맞는 답을 고르세요.",
      "quizType": "type1"
    },
    {
      "quiz": "His car is <!-(problem area)-!> than mine.",
      "options": ["faster", "fast", "fastest", "more fast"],
      "correct": "faster",
      "description": "Comparative form for 'fast' is 'faster'.",
      "id": "51",
      "quesion": "다음 빈칸에 알맞는 답을 고르세요.",
      "quizType": "type1"
    },
    {
      "quiz": "She is the <!-(problem area)-!> dancer in the group.",
      "options": ["best", "better", "good", "most good"],
      "correct": "best",
      "description": "Superlative form for 'good' is 'best'.",
      "id": "52",
      "quesion": "다음 빈칸에 알맞는 답을 고르세요.",
      "quizType": "type1"
    },
    {
      "quiz": "Her garden is as <!-(problem area)-!> as a park.",
      "options": [
        "beautiful",
        "more beautiful",
        "beautifuller",
        "most beautiful"
      ],
      "correct": "beautiful",
      "description": "'As ~ as' requires the adjective 'beautiful' in its base form.",
      "id": "53",
      "quesion": "다음 빈칸에 알맞는 답을 고르세요.",
      "quizType": "type1"
    },
    {
      "quiz": "This dress is <!-(problem area)-!> than that one.",
      "options": [
        "more expensive",
        "expensiver",
        "expensive",
        "most expensive"
      ],
      "correct": "more expensive",
      "description": "Comparative form for 'expensive' is 'more expensive'.",
      "id": "54",
      "quesion": "다음 빈칸에 알맞는 답을 고르세요.",
      "quizType": "type1"
    },
    {
      "quiz": "She is the <!-(problem area)-!> member of the team.",
      "options": [
        "most dedicated",
        "dedicatedest",
        "dedicated",
        "more dedicated"
      ],
      "correct": "most dedicated",
      "description": "Superlative form for 'dedicated' is 'most dedicated'.",
      "id": "55",
      "quesion": "다음 빈칸에 알맞는 답을 고르세요.",
      "quizType": "type1"
    },
    {
      "quiz": "The sky is as <!-(problem area)-!> as the ocean.",
      "options": ["blue", "bluer", "bluest", "more blue"],
      "correct": "blue",
      "description": "'As ~ as' requires the adjective 'blue' in its base form.",
      "id": "56",
      "quesion": "다음 빈칸에 알맞는 답을 고르세요.",
      "quizType": "type1"
    }
  ]
}
